0353682333,ca nhan,Vu1,nam,An Trach,09/06,vu@gmail.com
0353682333,ca nhan,Vu2,nam,An Trach,09/06,vu@gmail.com
0353682333,ca nhan,Vu3,nam,An Trach,09/06,vu@gmail.com
0353682333,ca nhan,Vu4,nam,An Trach,09/06,vu@gmail.com
0353682333,ca nhan,Vu5,nam,An Trach,09/06,vu@gmail.com
0353682333,ca nhan,Vu6,nam,An Trach,09/06,vu@gmail.com
0353682333,ca nhan,Vu7,nam,An Trach,09/06,vu@gmail.com
0353682333,ca nhan,Vu8,nam,An Trach,09/06,vu@gmail.com
0353682333,ca nhan,Vu9,nam,An Trach,09/06,vu@gmail.com
0353682333,ca nhan,Vu10,nam,An Trach,09/06,vu@gmail.com
0353682333,ca nhan,Vu11,nam,An Trach,09/06,vu@gmail.com
0353682333,ca nhan,Vu12,nam,An Trach,09/06,vu@gmail.com